{
  "id": "{invoiceId}",
  "number": "12345",
  "status": "DRAFT",
  "merchant_info": {
    "email": "dennis@sample.com",
    "first_name": "Dennis",
    "last_name": "Doctor",
    "business_name": "Medical Professionals, LLC",
    "phone": {
      "country_code": "US",
      "national_number": "5032141716"
    },
    "address": {
      "line1": "1234 Main St.",
      "city": "Portland",
      "state": "OR",
      "postal_code": "97217",
      "country_code": "US"
    }
  },
  "billing_info": [
  {
    "email": "sally-patient@example.com"
  }
  ],
  "shipping_info": {
    "first_name": "Sally",
    "last_name": "Patient",
    "business_name": "Not applicable",
    "phone": {
      "country_code": "US",
      "national_number": "5039871234"
    },
    "address": {
      "line1": "1234 Broad St.",
      "city": "Portland",
      "state": "OR",
      "postal_code": "97216",
      "country_code": "US"
    }
  },
  "items": [
  {
    "name": "Sutures",
    "quantity": 100,
    "unit_price": {
      "currency": "USD",
      "value": "250"
    }
  }
  ],
  "invoice_date": "2014-01-07 PST",
  "payment_term": {
    "term_type": "NO_DUE_DATE"
  },
  "tax_calculated_after_discount": false,
  "tax_inclusive": false,
  "note": "Medical Invoice 16 Jul, 2013 PST",
  "total_amount": {
    "currency": "USD",
    "value": "250"
  }
}